,1995,1996,1997,1998,1999,2000,2001,2002,2003,2004,2005,2006,2007,2008,2009,2010,2011,2012,2013,2014,2015,2016
Luftemissionsart CO2,16801097,17666353,14959294,15249144,15020915,11302151,11417144,11483555,10632968,10343532,10024081,10301099,9983864,10891123,11155318,11452679,11794352,13830948,13075356,12863401,13246877,13043323
Luftemissionsart CH4,1465896,1464179,1426168,1410791,1409089,1373486,1387823,1338565,1322930,1285762,1283166,1254745,1257036,1278679,1284732,1275665,1266943,1279095,1296468,1306044,1299825,1286641
Luftemissionsart N2O,97980,98115,97920,98478,101054,101911,100060,96854,95405,98170,97088,96486,93973,99978,96682,95910,101147,99556,101195,103935,105384,102608
Luftemissionsart NOX,177694,179020,175509,176032,181167,183899,176952,172494,169856,168641,165618,164320,157901,166592,158749,160141,169577,165539,165569,167359,173440,167097
Luftemissionsart SO2,14471,13875,9439,6470,7602,3907,4003,3382,2422,1995,1764,1956,1750,2210,1531,1811,1792,3347,1978,2073,2217,2192
Luftemissionsart NMVOC,249524,248287,242548,238694,237212,231183,232276,224898,219680,216036,213080,208901,209602,213439,213612,210021,209253,212353,216554,218041,214626,211465
Luftemissionsart NH3,636611,639954,633180,638690,645137,595226,603783,590375,588819,579764,580779,580865,586365,592824,607553,588539,618789,607822,624848,627189,636964,629309
Luftemissionsart Feinst10,50767,51189,51584,51580,51025,39549,39291,38864,38141,37809,37297,36909,37221,37773,37511,36791,37057,37252,37564,37381,36866,36337
Luftemissionsart HFC,0,0,0,0,0,30,35,40,47,53,60,67,66,71,81,86,91,98,104,99,104,104
Luftemissionsart PFC,0,0,0,0,0,0,0,0,0,0,0,0,0,0,0,0,0,0,0,0,0,0
Luftemissionsart SF6,0,0,0,0,0,0,0,0,0,0,0,0,0,0,0,0,0,0,0,0,0,0
Luftemissionsart CO2,492779,462774,1246367,473786,458240,403929,315047,329857,369013,385370,397651,419139,501239,386759,284789,311696,311658,220877,399371,236823,350697,348046
Luftemissionsart CH4,1105,1072,1081,1090,1000,1223,991,1011,1086,1123,1162,1195,1359,1081,598,625,508,107,86,93,365,376
Luftemissionsart N2O,7,7,12,7,7,9,7,7,8,9,10,10,13,10,9,10,11,9,10,10,12,12
Luftemissionsart NOX,2093,2061,2562,2202,2332,2782,2159,2229,2467,2518,2520,2578,2933,2111,1783,1807,1772,1342,1284,1232,1269,1124
Luftemissionsart SO2,134,74,62,38,39,46,30,7,2,2,2,2,3,2,2,2,2,1,1,1,2,2
Luftemissionsart NMVOC,14869,14419,14525,14658,13469,16454,13316,13581,14590,15074,15588,16024,18212,14469,8034,8400,6836,1497,1210,1293,4914,5059
Luftemissionsart NH3,1,1,4,1,2,2,2,2,2,2,2,2,2,2,1,1,1,2,2,2,2,2
Luftemissionsart Feinst10,404,384,382,378,367,426,331,333,356,361,363,369,418,322,214,222,215,112,109,108,215,212
Luftemissionsart HFC,0,0,0,0,0,1,1,1,2,2,2,3,3,3,3,3,4,4,4,5,5,5
Luftemissionsart PFC,0,0,0,0,0,0,0,0,0,0,0,0,0,0,0,0,0,0,0,0,0,0
Luftemissionsart SF6,0,0,0,0,0,0,0,0,0,0,0,0,0,0,0,0,0,0,0,0,0,0
Luftemissionsart CO2,54261,53700,51894,51826,52134,53110,52696,50310,50650,52422,52757,52727,54328,54930,57621,56466,52602,49401,49724,48750,59765,101754
Luftemissionsart CH4,1,1,1,1,1,1,1,1,1,1,1,1,1,1,1,1,1,1,0,1,1,1
Luftemissionsart N2O,2,2,2,2,2,2,2,2,2,2,2,2,2,2,2,2,2,2,2,2,2,4
Luftemissionsart NOX,678,669,642,639,647,671,666,636,619,628,614,597,612,605,602,588,548,521,516,557,634,1247
Luftemissionsart SO2,258,253,218,193,170,148,122,116,113,115,113,101,104,81,46,42,37,32,30,31,24,47
Luftemissionsart NMVOC,37,36,34,34,34,32,31,30,29,29,28,28,28,28,27,27,25,24,24,26,29,58
Luftemissionsart NH3,0,0,0,0,0,0,0,0,0,0,0,0,0,0,0,0,0,0,0,0,0,0
Luftemissionsart Feinst10,248,245,210,185,162,90,74,71,69,70,69,63,65,50,29,26,23,22,22,23,25,46
Luftemissionsart HFC,0,0,0,0,0,0,0,0,0,0,0,0,0,0,0,0,0,0,0,0,0,0
Luftemissionsart PFC,0,0,0,0,0,0,0,0,0,0,0,0,0,0,0,0,0,0,0,0,0,0
Luftemissionsart SF6,0,0,0,0,0,0,0,0,0,0,0,0,0,0,0,0,0,0,0,0,0,0
Luftemissionsart CO2,1752124,1874657,1515425,1191846,1059279,1037175,956969,917529,1328719,1404213,1440366,1494158,1421953,1478615,1353120,1398209,3004642,761288,794248,843333,782170,785172
Luftemissionsart CH4,772889,735084,725898,628596,683773,662952,576009,540141,475118,373290,303306,234423,193013,181671,135012,135087,127870,162560,141251,110121,121948,97512
Luftemissionsart N2O,15,23,13,6,5,4,4,4,10,10,10,10,10,11,12,11,32,3,3,3,3,3
Luftemissionsart NOX,1762,2094,1594,1242,1205,1137,1101,1041,1355,1354,1354,1356,1359,1349,1307,1204,2344,627,564,550,524,505
Luftemissionsart SO2,3135,4052,2681,1806,1624,1554,1427,1367,1778,1771,1768,1729,1682,1695,1603,1568,3060,1014,989,1068,1054,1063
Luftemissionsart NMVOC,2153,1994,1841,1653,1349,1372,1119,1031,1023,1012,929,861,862,842,701,827,860,795,815,856,858,913
Luftemissionsart NH3,11,13,10,7,6,6,5,4,5,5,5,5,6,5,6,4,7,3,3,3,3,3
Luftemissionsart Feinst10,6190,6003,5487,5030,4823,5023,5094,5216,5144,5229,5094,5014,5087,4924,4731,4740,4982,5140,5058,4936,4918,4724
Luftemissionsart HFC,0,0,0,0,0,0,1,1,0,1,1,1,1,1,1,1,1,1,1,1,1,1
Luftemissionsart PFC,0,0,0,0,0,0,0,0,0,0,0,0,0,0,0,0,0,0,0,0,0,0
Luftemissionsart SF6,0,0,0,0,0,0,0,0,0,0,0,0,0,0,0,0,0,0,0,0,0,0
Luftemissionsart CO2,2936879,3346457,3202801,3189842,3267106,3027231,2977175,2842555,2362055,2288231,4022225,3109417,2690116,2390500,1940079,2216902,1964010,1846164,1885064,1608965,1487424,1427645
Luftemissionsart CH4,7847,8233,8048,7069,7312,7258,7202,6673,5535,5146,5016,3692,3050,3315,3476,2151,2060,2678,2407,1997,1415,985
Luftemissionsart N2O,14,17,15,16,16,15,14,13,7,8,27,16,13,10,5,10,6,5,6,6,6,6
Luftemissionsart NOX,1418,1605,1511,1534,1538,1511,1464,1344,899,930,2260,1490,1180,947,588,874,565,547,547,519,457,452
Luftemissionsart SO2,332,307,329,265,202,336,353,339,255,188,178,171,115,124,134,111,143,106,100,103,95,79
Luftemissionsart NMVOC,925,995,973,841,1116,1087,1026,1065,830,624,570,413,336,387,337,211,242,222,230,239,195,194
Luftemissionsart NH3,3,4,4,4,4,4,4,3,2,2,7,4,3,2,1,2,1,1,1,1,1,1
Luftemissionsart Feinst10,25,24,24,23,23,22,22,21,20,20,20,18,17,15,14,13,12,15,15,12,10,9
Luftemissionsart HFC,0,0,0,0,0,0,0,1,1,1,1,1,1,1,1,1,1,1,1,1,1,1
Luftemissionsart PFC,0,0,0,0,0,0,0,0,0,0,0,0,0,0,0,0,0,0,0,0,0,0
Luftemissionsart SF6,0,0,0,0,0,0,0,0,0,0,0,0,0,0,0,0,0,0,0,0,0,0
Luftemissionsart CO2,1747172,1395596,1160095,1160940,1236175,1111256,1203659,1120386,935145,1633306,1017767,912110,906325,1156754,995092,870973,763768,671200,782069,740173,822091,766745
Luftemissionsart CH4,94,74,47,46,49,44,47,45,38,58,46,46,43,62,56,50,38,33,45,40,46,41
Luftemissionsart N2O,2221,2107,2002,1898,1794,1684,1590,1390,1191,1038,805,817,768,705,672,648,633,592,555,525,549,567
Luftemissionsart NOX,2634,2180,1946,1953,2046,1879,2226,2145,1912,2648,1848,1707,1667,1817,1698,1535,1392,1340,1445,1368,1419,1317
Luftemissionsart SO2,2216,1140,1985,1892,1818,1171,1457,1394,1025,3218,1530,1128,1268,1369,1525,942,1087,852,971,1023,967,892
Luftemissionsart NMVOC,158,134,133,126,128,110,141,135,124,144,103,93,88,96,100,90,75,70,72,70,93,86
Luftemissionsart NH3,17,16,15,13,14,13,14,12,12,14,13,11,11,13,10,9,7,7,7,7,8,8
Luftemissionsart Feinst10,15493,15070,14945,14639,15344,14768,13713,13016,12817,12105,11628,12112,11775,11528,10375,10415,11416,10886,10830,10970,10346,10670
Luftemissionsart HFC,0,0,0,0,0,2,2,3,2,3,3,3,3,3,2,2,2,2,3,3,3,3
Luftemissionsart PFC,0,0,0,0,0,0,0,0,0,0,0,0,0,0,0,0,0,0,0,0,0,0
Luftemissionsart SF6,0,0,0,0,0,0,0,0,0,0,0,0,0,0,0,0,0,0,0,0,0,0
Luftemissionsart CO2,11382261,11653964,11153525,11131102,10926456,10591299,10909801,10434484,10264780,10063763,9522565,10032999,9838290,9044528,9139931,9687305,9100284,9224324,8980390,9177152,8814381,7820151
Luftemissionsart CH4,764,778,770,781,776,740,748,708,654,707,749,760,738,688,738,769,739,740,765,816,787,706
Luftemissionsart N2O,214,214,208,205,193,188,195,187,186,184,171,177,171,160,169,177,169,170,162,172,163,138
Luftemissionsart NOX,15300,15086,14556,14426,14061,13548,13905,13779,13912,13293,12696,12674,12114,11191,11113,11465,10528,10196,9553,9368,8484,7443
Luftemissionsart SO2,16289,15803,13811,12915,11463,10540,11163,8273,7481,7289,5513,5555,5002,4471,4130,3593,3657,3622,2940,3135,2942,2430
Luftemissionsart NMVOC,16945,17034,15632,14703,15061,14435,13601,14087,14260,15254,14734,14420,14330,14420,14896,14341,15303,15770,15023,15421,15047,15233
Luftemissionsart NH3,193,189,176,176,155,147,157,143,132,117,113,117,104,98,92,90,76,80,73,67,62,58
Luftemissionsart Feinst10,983,973,933,842,875,816,768,889,909,966,889,831,791,722,761,730,749,768,655,725,613,608
Luftemissionsart HFC,0,0,0,0,0,458,538,584,627,669,702,730,741,783,836,917,982,1016,1017,1041,1054,1062
Luftemissionsart PFC,0,0,0,0,0,1,1,2,2,2,2,1,1,1,1,0,0,0,0,0,0,0
Luftemissionsart SF6,0,0,0,0,0,0,0,0,0,0,0,0,0,0,0,0,0,0,0,0,0,0
Luftemissionsart CO2,2423522,2396755,2235943,2094357,1865226,1775824,1730665,1525716,1773210,1497786,1525941,1295903,1280659,1059134,906019,862476,819568,794348,828259,845137,828698,709614
Luftemissionsart CH4,174,173,161,152,137,130,124,112,116,110,120,110,98,83,78,77,75,69,70,70,69,59
Luftemissionsart N2O,44,43,42,36,33,30,32,23,30,26,26,23,23,20,17,16,13,12,15,15,15,12
Luftemissionsart NOX,2920,2854,2691,2511,2296,2169,2129,1873,2096,1813,1831,1629,1558,1314,1162,1099,999,899,899,997,899,781
Luftemissionsart SO2,2260,2024,1851,1341,1115,810,898,532,599,564,560,440,463,354,283,175,95,96,165,123,84,36
Luftemissionsart NMVOC,166,159,148,134,122,109,108,92,110,89,95,77,78,62,54,44,42,45,46,52,47,40
Luftemissionsart NH3,30,30,27,24,21,19,18,17,20,15,18,12,13,9,8,5,6,7,7,7,7,6
Luftemissionsart Feinst10,118,98,88,72,61,53,53,42,53,43,42,38,38,32,28,22,20,19,21,27,24,21
Luftemissionsart HFC,0,0,0,0,0,337,270,232,252,164,189,226,215,186,163,144,107,120,120,89,95,64
Luftemissionsart PFC,0,0,0,0,0,0,0,0,0,0,0,0,0,0,0,0,0,0,0,0,0,0
Luftemissionsart SF6,0,0,0,0,0,0,0,0,0,0,0,0,0,0,0,0,0,0,0,0,0,0
Luftemissionsart CO2,5497789,5448669,5502124,5627437,5815420,1784286,1774604,1523194,2890833,3714091,3863138,3696663,4058351,3935565,4600736,5286662,7580738,4954295,5136603,6847095,6206891,6430425
Luftemissionsart CH4,1916,1901,2252,1826,1620,480,449,405,529,604,615,552,605,593,661,723,943,712,698,881,826,847
Luftemissionsart N2O,55,52,50,52,53,25,24,20,55,79,85,73,90,90,113,131,207,128,129,181,162,170
Luftemissionsart NOX,2950,2854,2801,2817,2790,2296,2275,2067,4130,5366,5585,4716,5470,5311,6205,6952,10141,6469,6620,9040,8121,8430
Luftemissionsart SO2,2289,1829,1433,1190,1018,917,813,568,522,578,644,665,682,637,639,794,912,607,505,622,561,597
Luftemissionsart NMVOC,8102,7850,8663,8205,7856,6513,6172,5892,6470,7156,7266,7008,7191,6138,5749,5915,6552,5617,5828,6409,6133,6358
Luftemissionsart NH3,77,67,55,56,45,27,26,19,25,31,30,29,33,32,36,44,74,51,39,52,47,49
Luftemissionsart Feinst10,2105,1749,1813,1846,1832,1879,1798,1731,2150,2466,2498,2303,2401,2081,2004,2021,2332,1889,1966,2244,2117,2191
Luftemissionsart HFC,0,0,0,0,0,1,1,1,1,1,1,1,1,1,1,1,1,2,2,3,3,3
Luftemissionsart PFC,0,0,0,0,0,0,0,0,0,0,0,0,0,0,0,0,0,0,0,0,0,0
Luftemissionsart SF6,0,0,0,0,0,0,0,0,0,0,0,0,0,0,0,0,0,0,0,0,0,0
Luftemissionsart CO2,11553707,11327695,11511348,10985483,11707812,8953849,8637844,8589591,9068161,8343112,15300185,10260843,11740330,11183858,10110753,11106277,10193476,9748541,10405895,10376012,11115592,9635537
Luftemissionsart CH4,992,944,934,874,901,827,792,744,769,741,965,833,907,847,826,864,807,772,841,845,906,798
Luftemissionsart N2O,238,229,226,195,231,183,190,169,176,166,225,189,204,242,197,205,198,175,191,192,219,164
Luftemissionsart NOX,11360,10934,11056,10111,10619,10234,10005,9573,9837,9454,11303,10837,11638,12031,10945,12051,11116,10196,10591,10452,11097,9714
Luftemissionsart SO2,11452,11027,10657,7896,7953,5969,5866,5664,5918,6164,6112,5325,4970,7500,5590,5572,5033,4696,4691,4797,5064,3279
Luftemissionsart NMVOC,1449,1369,1312,1197,1173,1995,2082,2058,1881,2624,3081,3977,4230,4285,4188,4165,4263,4295,4354,4486,4532,4421
Luftemissionsart NH3,99,90,78,75,60,45,43,44,42,38,40,42,45,44,42,60,53,47,64,58,72,70
Luftemissionsart Feinst10,1006,965,993,809,744,664,581,680,717,682,679,616,582,653,575,600,516,491,478,474,546,478
Luftemissionsart HFC,0,0,0,0,0,1,1,2,2,2,2,2,2,2,2,3,3,3,3,5,5,5
Luftemissionsart PFC,0,0,0,0,0,0,0,0,0,0,0,0,0,0,0,0,0,0,0,0,0,0
Luftemissionsart SF6,0,0,0,0,0,0,0,0,0,0,0,0,0,0,0,0,0,0,0,0,0,0
Luftemissionsart CO2,650741,700365,668495,697197,733510,810209,874538,863398,789330,799167,1007475,985147,915399,901296,866731,870874,770799,822664,831106,819114,818108,735098
Luftemissionsart CH4,95,83,87,64,66,72,72,70,60,62,70,70,67,58,64,62,58,60,62,62,63,54
Luftemissionsart N2O,9,9,9,9,9,11,11,11,11,11,11,11,11,11,10,10,9,10,10,11,11,10
Luftemissionsart NOX,1097,1103,1086,1108,1167,1230,1275,1255,1179,1134,1122,1092,1008,991,911,864,747,764,731,798,737,657
Luftemissionsart SO2,464,395,311,233,188,165,172,129,85,110,103,103,96,242,46,35,23,21,18,13,8,11
Luftemissionsart NMVOC,140,117,117,76,72,70,66,61,53,55,102497,93907,89990,84466,84121,98909,82522,78925,75415,68843,63938,64720
Luftemissionsart NH3,9,11,9,9,9,8,9,8,6,8,8,8,7,9,6,6,5,6,6,6,5,5
Luftemissionsart Feinst10,3312,3307,3306,3291,3294,3295,3302,3304,3300,3299,3296,3118,2942,2767,2581,2408,2364,2371,2377,2395,2422,2439
Luftemissionsart HFC,0,0,0,0,0,1,1,1,1,1,1,1,1,1,1,2,1,2,1,2,2,2
Luftemissionsart PFC,0,0,0,0,0,0,0,0,0,0,0,0,0,0,0,0,0,0,0,0,0,0
Luftemissionsart SF6,0,0,0,0,0,0,0,0,0,0,0,0,0,0,0,0,0,0,0,0,0,0
Luftemissionsart CO2,26181855,25498037,24623848,25019981,22494298,25795257,24018014,24279086,24127097,25000219,25530764,25112525,25026732,25097373,23947872,23762411,23768514,23625792,23559897,22518959,24447539,24866038
Luftemissionsart CH4,12895,12671,13103,12781,12212,12175,11399,11006,10534,10465,9906,9903,9542,9523,9419,9530,9071,9213,8944,8946,9123,8763
Luftemissionsart N2O,415,368,366,373,299,336,282,309,316,324,323,311,330,319,307,283,291,287,283,274,282,274
Luftemissionsart NOX,43575,41033,37908,36775,30865,33831,26790,26582,25967,26223,27145,26368,26133,24738,22960,22166,21816,21382,20955,18975,20725,21828
Luftemissionsart SO2,83357,73809,71263,70195,59723,54774,49385,49362,48730,49373,52897,52214,48322,44944,41246,38622,36936,35780,34662,28054,36338,38917
Luftemissionsart NMVOC,70590,70012,71391,69242,65141,62305,58849,55831,53015,51220,49467,50046,48605,48187,47541,47911,45076,46346,44290,43476,43995,44271
Luftemissionsart NH3,659,673,650,688,621,687,632,661,702,722,751,734,718,705,638,594,581,565,559,495,561,588
Luftemissionsart Feinst10,3910,3227,2985,2772,2165,1886,1810,1750,1772,1777,1890,1769,1581,1452,1336,1164,1147,1039,1007,828,979,1044
Luftemissionsart HFC,0,0,0,0,0,1,1,2,2,3,3,4,3,3,4,4,4,5,5,2,2,1
Luftemissionsart PFC,0,0,0,0,0,0,0,0,0,0,0,0,0,0,0,0,0,0,0,0,0,0
Luftemissionsart SF6,0,0,0,0,0,0,0,0,0,0,0,0,0,0,0,0,0,0,0,0,0,0
Luftemissionsart CO2,27206468,27230890,27105421,22508382,23447962,25680727,25082343,26287512,24103351,25166394,21484139,23990418,25694720,26656645,24067648,27672000,30098674,29523839,28436032,26561769,26509778,24376425
Luftemissionsart CH4,18233,17421,18323,19027,20708,23962,23175,21726,23958,24263,24963,23866,24628,23341,22177,22704,22883,21657,21796,22602,22658,22784
Luftemissionsart N2O,79575,84003,75330,32117,18751,17807,24459,26357,26893,31805,27127,26538,35162,30834,32078,4997,3767,2905,3105,2890,3028,2574
Luftemissionsart NOX,44358,44817,44272,37759,40291,41708,40669,44066,42926,46165,44177,44610,48272,46597,41716,46843,48741,46584,45833,45645,45587,42432
Luftemissionsart SO2,60096,55342,53290,37036,39521,33146,34570,32633,31629,32512,31427,33420,34521,36035,32630,34518,33684,32364,32203,28924,33292,24929
Luftemissionsart NMVOC,99595,90588,97525,103073,78278,54118,46664,51508,54076,54288,57528,52261,51443,61847,52470,60470,58230,56260,58280,53099,51437,51596
Luftemissionsart NH3,9058,9429,8581,8742,8962,9635,8604,9335,9300,9282,9324,10856,9290,9351,9149,9279,9485,9368,9307,9308,9241,9240
Luftemissionsart Feinst10,2017,1979,1804,1208,1251,1116,1065,1013,944,893,810,825,899,888,801,895,808,760,738,754,892,685
Luftemissionsart HFC,5335,3854,3710,3580,3376,1524,1378,1531,673,646,652,372,255,544,949,215,60,53,60,59,70,75
Luftemissionsart PFC,0,0,0,0,0,0,0,0,0,0,0,0,0,0,0,0,0,0,0,0,0,0
Luftemissionsart SF6,7,8,8,9,8,205,228,228,228,228,228,205,107,96,68,86,97,108,101,95,97,88
Luftemissionsart CO2,2129896,2193605,2151318,2741186,2616420,2650898,2740401,1893315,1082613,826844,708282,1083912,1049206,1139363,822447,788473,975889,1082357,1041863,870406,841642,445332
Luftemissionsart CH4,58,69,71,128,121,112,116,61,65,57,59,96,91,94,72,68,77,84,83,75,74,36
Luftemissionsart N2O,45,45,43,48,49,47,53,37,25,14,12,20,20,22,16,15,18,19,19,17,17,15
Luftemissionsart NOX,2720,2771,2695,3257,3213,3159,3226,2326,1780,1391,1283,1745,1660,1615,1284,1195,1280,1300,1246,1098,993,813
Luftemissionsart SO2,1838,1668,1398,900,1012,945,1036,746,740,202,66,97,86,1020,52,39,62,46,43,30,22,42
Luftemissionsart NMVOC,164,159,148,157,153,147,150,113,86,73,72,156,160,164,93,79,95,100,96,79,81,130
Luftemissionsart NH3,53,51,49,48,47,52,51,45,11,9,7,10,9,13,7,6,10,11,10,5,5,5
Luftemissionsart Feinst10,185,174,145,75,75,75,73,63,59,41,42,97,96,98,51,42,48,46,45,40,41,72
Luftemissionsart HFC,0,0,0,0,0,1,1,1,1,1,2,2,2,2,2,2,2,2,2,2,2,2
Luftemissionsart PFC,0,0,0,0,0,0,0,0,0,0,0,0,0,0,0,0,0,0,0,0,0,0
Luftemissionsart SF6,0,0,0,0,0,0,0,0,0,0,0,0,0,0,0,0,0,0,0,0,0,0
Luftemissionsart CO2,2280125,2282019,2106923,2137225,2113099,2141424,2123920,1990186,2148358,2087896,2095247,2128545,2022312,2098950,1960430,2324193,1914353,1909395,1937599,2012809,2181051,1981835
Luftemissionsart CH4,173,174,154,162,161,159,155,151,155,160,184,187,168,183,191,200,189,171,177,182,203,180
Luftemissionsart N2O,38,37,34,36,35,30,30,28,31,30,33,31,30,33,33,37,32,32,32,35,39,35
Luftemissionsart NOX,3818,3739,3544,3548,3575,3386,3725,3541,3648,3250,3344,3190,2972,3022,2823,3027,2649,2535,2470,2827,2865,2601
Luftemissionsart SO2,1536,1470,1145,1087,969,601,564,516,576,395,415,458,385,460,472,561,363,288,301,291,141,119
Luftemissionsart NMVOC,247,239,218,209,202,181,222,211,223,191,222,175,165,171,171,173,146,174,155,178,212,182
Luftemissionsart NH3,29,32,29,28,28,25,26,25,27,26,26,24,23,26,24,33,20,23,22,22,22,21
Luftemissionsart Feinst10,140,130,115,112,109,92,90,86,96,89,116,81,76,81,79,70,64,72,63,85,102,89
Luftemissionsart HFC,0,0,0,0,0,1308,2078,2103,1748,1678,1362,1268,1524,1122,901,851,870,726,602,627,652,641
Luftemissionsart PFC,0,0,0,0,0,0,0,0,0,0,0,0,0,0,0,0,0,0,0,0,0,0
Luftemissionsart SF6,0,0,0,0,0,0,0,0,0,0,0,0,0,0,0,0,0,0,0,0,0,0
Luftemissionsart CO2,46051179,44035001,44823550,44371729,44042220,44600946,40450494,38863079,40659486,41320507,38303494,39796455,43410064,43318017,38171789,39374124,41296613,40168896,39686169,40147507,39731023,42613704
Luftemissionsart CH4,895,867,883,877,863,864,783,753,815,864,809,798,895,897,814,840,891,853,837,844,839,1158
Luftemissionsart N2O,651,637,647,620,603,602,530,508,536,517,469,485,539,552,476,496,539,512,499,513,512,539
Luftemissionsart NOX,75021,69733,69108,66980,65102,62621,56392,53353,53685,53388,49595,49094,51322,48021,41506,41695,43317,41067,39376,39564,38004,38569
Luftemissionsart SO2,28431,27532,28117,27904,27721,27072,24618,23711,23935,22038,21043,21500,23903,23103,19459,22006,22915,21737,21608,21929,21732,19304
Luftemissionsart NMVOC,3736,3607,3474,3479,3405,3350,2941,2819,3016,3032,2920,2932,3012,2824,2412,2552,2822,2792,2703,2768,2694,2782
Luftemissionsart NH3,3033,3034,2843,2899,2849,3140,2819,2770,2919,3008,2928,2999,3043,2754,2324,2312,2542,2521,2436,2408,2268,2213
Luftemissionsart Feinst10,8612,7874,7718,7606,7480,6988,5932,5445,5420,5132,4555,4525,4342,3947,3241,3250,3528,3362,3234,3228,3098,3108
Luftemissionsart HFC,0,0,0,0,0,1,2,2,2,2,2,2,2,2,2,3,3,3,3,5,5,5
Luftemissionsart PFC,0,0,0,0,0,0,0,0,0,0,0,0,0,0,0,0,0,0,0,0,0,0
Luftemissionsart SF6,0,0,0,0,0,652,570,321,228,213,129,93,69,53,25,31,0,0,0,0,0,0
Luftemissionsart CO2,47876210,44631939,48230606,47076846,44308709,55024959,50243221,47903747,50560621,51070541,44790670,47638909,45104146,44697785,33865679,44075212,42122196,39498919,39727637,41698441,41641199,45707637
Luftemissionsart CH4,3061,3089,3164,3346,3118,3323,3132,2978,2900,3101,2883,3652,3342,3510,2669,3349,3635,3580,3440,3272,3292,3180
Luftemissionsart N2O,517,492,520,531,509,560,526,505,511,537,482,509,537,531,398,519,533,500,479,476,487,732
Luftemissionsart NOX,43989,42759,45535,46293,44560,44244,41701,39543,38578,38214,34568,35195,33614,31480,22846,28660,29062,27474,27103,27350,27691,32833
Luftemissionsart SO2,55163,52403,54204,55621,51401,57344,54474,52074,50954,50292,47999,45536,45615,43748,30877,38797,39373,37688,38352,38963,39701,50190
Luftemissionsart NMVOC,6329,5982,6296,6315,5932,5891,5772,5594,5699,5856,5844,6037,6216,6085,4340,5381,5605,5351,5309,5343,5388,5439
Luftemissionsart NH3,225,213,217,217,206,190,181,172,169,173,167,176,178,182,135,166,175,164,162,164,166,173
Luftemissionsart Feinst10,25366,23502,23152,21648,18706,18612,16425,14570,13129,11885,10379,9147,7883,5714,3926,4956,5026,4804,4847,4899,4924,5156
Luftemissionsart HFC,0,0,0,0,0,2,3,3,4,4,6,7,14,28,23,30,46,51,40,60,56,69
Luftemissionsart PFC,1801,1707,1248,1354,1004,413,431,500,551,517,392,218,224,287,207,157,95,87,108,83,95,95
Luftemissionsart SF6,8,9,9,10,9,315,419,391,467,598,695,607,403,192,103,102,55,35,34,37,26,44
Luftemissionsart CO2,3856943,3958671,3770173,3873524,3737687,3610727,3710204,3413418,3284413,3588108,3539147,4064324,3761038,3797037,3948160,3711876,3710988,3498591,3613933,3362677,3576504,3383806
Luftemissionsart CH4,326,296,304,262,255,246,246,242,211,242,255,297,266,299,332,280,281,261,273,268,278,264
Luftemissionsart N2O,50,50,51,51,50,48,48,46,45,48,47,54,51,53,61,54,58,50,52,51,54,51
Luftemissionsart NOX,6145,6112,5929,6011,6001,5814,5753,5505,5256,5445,5216,5539,5037,4861,4987,4724,5145,4224,4206,3996,3947,3699
Luftemissionsart SO2,2341,2038,2048,1774,1556,1336,1357,1258,894,866,709,760,685,685,1017,495,400,392,362,338,262,167
Luftemissionsart NMVOC,40761,38940,41290,43570,43548,43521,43033,42777,42586,42680,118860,128022,123223,110522,91631,114016,101846,97220,98293,90018,92333,93228
Luftemissionsart NH3,62,68,62,62,57,53,57,50,43,48,44,46,46,43,58,43,40,41,41,32,38,32
Luftemissionsart Feinst10,3725,3629,3472,3292,3141,2990,2996,2996,2976,2976,2966,2812,2657,2501,2353,2193,2176,2158,2164,2174,2200,2208
Luftemissionsart HFC,0,0,0,0,0,340,273,236,256,169,194,232,221,192,168,150,116,127,127,96,102,71
Luftemissionsart PFC,0,0,0,0,0,0,0,0,0,0,0,0,0,0,0,0,0,0,0,0,0,0
Luftemissionsart SF6,0,0,0,0,0,0,0,0,0,0,0,0,0,0,0,0,0,0,0,0,0,0
Luftemissionsart CO2,1278328,1292763,1126657,1125647,1062661,967073,1166716,987136,887154,790612,738031,809924,1031545,781542,710867,671796,749302,793116,840267,756577,770326,854497
Luftemissionsart CH4,105,104,97,87,82,74,85,82,60,54,57,66,94,54,46,39,49,51,55,48,44,51
Luftemissionsart N2O,1117,1063,1009,956,902,847,800,699,601,502,403,413,393,356,339,329,324,304,284,267,279,290
Luftemissionsart NOX,3509,3417,3242,3213,3226,3028,3175,2921,2736,2599,2456,2454,2521,2116,1885,1827,1831,1682,1690,1499,1520,1514
Luftemissionsart SO2,1026,800,606,551,426,339,389,308,206,170,160,167,152,76,68,58,39,46,43,34,15,22
Luftemissionsart NMVOC,280,260,238,215,201,179,180,170,151,139,130,136,125,100,87,82,79,97,94,84,81,78
Luftemissionsart NH3,27,28,24,25,22,21,23,21,18,17,15,16,14,12,11,11,10,14,14,12,11,11
Luftemissionsart Feinst10,148,135,127,119,116,109,111,107,98,97,93,96,87,76,71,71,68,68,66,60,65,63
Luftemissionsart HFC,17,19,20,16,16,23,21,17,23,25,23,34,27,20,15,18,19,20,20,23,23,24
Luftemissionsart PFC,267,293,338,339,377,431,322,329,345,337,313,312,239,185,136,149,159,143,139,143,141,158
Luftemissionsart SF6,2,2,2,2,2,54,42,54,75,96,91,51,66,90,50,69,31,25,19,37,20,26
Luftemissionsart CO2,1392477,1165864,954895,1018283,904842,820275,817524,968339,1019741,811875,770780,826830,851052,824893,695873,815728,763618,725075,708920,743487,625981,758768
Luftemissionsart CH4,124,93,81,60,51,46,37,40,34,32,32,26,41,41,39,47,45,40,41,43,32,44
Luftemissionsart N2O,25,19,18,18,16,15,15,16,16,13,13,17,17,15,15,17,18,16,15,17,16,18
Luftemissionsart NOX,3220,2901,2705,2743,2699,2574,2526,2506,2440,2241,2115,2124,2082,1866,1700,1778,1685,1605,1478,1557,1361,1404
Luftemissionsart SO2,1586,852,888,849,667,608,747,750,501,435,406,1167,650,303,215,207,190,193,115,142,54,38
Luftemissionsart NMVOC,320,267,249,207,189,170,161,161,143,129,120,128,114,93,82,86,76,95,83,75,63,63
Luftemissionsart NH3,25,25,21,21,19,18,18,22,24,16,15,14,14,13,12,14,11,15,14,11,10,10
Luftemissionsart Feinst10,172,135,131,115,112,104,105,104,92,90,86,94,84,70,64,64,62,67,58,61,58,57
Luftemissionsart HFC,0,0,0,0,0,4,4,5,5,6,6,7,6,6,5,6,6,6,6,7,7,7
Luftemissionsart PFC,0,0,0,0,0,0,0,0,0,0,0,0,0,0,0,0,0,0,0,0,0,0
Luftemissionsart SF6,44,46,49,50,45,823,783,717,564,525,489,456,578,458,383,427,502,403,482,569,555,499
Luftemissionsart CO2,4078123,4188322,3687876,3479840,3291165,3121994,3247678,3026694,3291026,3127700,3166536,3296855,3325387,3152136,2833544,3043947,2839176,2936640,2904409,2657063,2590192,2399754
Luftemissionsart CH4,307,295,277,217,204,194,192,177,190,196,220,224,228,202,189,206,186,189,192,173,169,148
Luftemissionsart N2O,66,66,61,55,53,50,52,46,50,48,49,50,53,52,51,56,55,53,54,53,53,51
Luftemissionsart NOX,8259,8141,7664,7390,7392,7100,7142,6706,6756,6452,6373,6249,6047,5487,5016,5165,4894,4781,4627,4503,4189,3911
Luftemissionsart SO2,3402,2871,2305,1772,1478,1287,1309,948,819,690,679,613,671,598,537,583,487,462,420,362,157,151
Luftemissionsart NMVOC,717,666,618,511,479,438,422,384,369,345,334,323,313,278,251,257,245,290,273,235,208,191
Luftemissionsart NH3,71,79,66,64,60,58,60,54,54,47,47,48,48,48,46,47,43,51,48,37,30,30
Luftemissionsart Feinst10,354,324,305,264,257,241,242,224,213,208,206,195,191,174,161,163,164,172,163,166,159,153
Luftemissionsart HFC,0,0,0,0,0,62,68,68,68,70,72,77,79,85,83,92,96,87,86,86,87,83
Luftemissionsart PFC,0,0,0,0,0,1,0,0,0,0,0,0,0,0,0,0,0,0,0,0,0,0
Luftemissionsart SF6,0,0,0,0,0,0,0,0,0,0,0,0,0,0,0,0,0,0,0,0,0,0
Luftemissionsart CO2,4003154,4224601,4089217,4126309,4029561,3850780,3921830,3868665,3993971,4194122,3971671,3911535,3881291,3637938,3345066,3730511,3661054,3711771,3761647,3469395,3691032,3521004
Luftemissionsart CH4,191,205,202,192,185,173,176,173,189,211,231,210,207,195,175,197,193,184,197,180,195,166
Luftemissionsart N2O,66,71,64,61,61,60,60,57,59,62,61,60,64,64,62,71,72,77,80,76,82,87
Luftemissionsart NOX,11872,11721,11370,11234,11495,11156,11152,10704,10429,10220,9795,9436,9009,8081,7312,7514,6929,6451,6263,5158,4363,4303
Luftemissionsart SO2,2356,1696,1145,912,848,801,735,618,796,827,704,741,807,527,428,387,392,341,221,74,94,376
Luftemissionsart NMVOC,373006,374021,386822,399640,357118,314575,291885,311362,298578,343595,305349,319085,286667,267328,216598,245956,236069,245320,223492,186396,199914,207804
Luftemissionsart NH3,41,48,43,45,44,48,46,45,44,43,40,40,38,36,32,33,32,44,43,79,86,93
Luftemissionsart Feinst10,539,482,429,397,398,381,381,365,352,355,345,325,308,274,251,252,245,247,228,230,236,241
Luftemissionsart HFC,0,0,0,0,0,9,10,11,13,14,15,17,16,16,21,23,23,26,25,28,30,30
Luftemissionsart PFC,0,0,0,0,0,0,0,0,0,0,0,0,0,0,0,0,0,0,0,0,0,0
Luftemissionsart SF6,0,0,0,0,0,0,0,0,0,0,0,0,0,0,0,0,0,0,0,0,0,0
Luftemissionsart CO2,876736,908469,811885,671077,663026,649485,663754,661247,637497,618817,601044,722176,531793,468043,556552,720870,606394,638925,697410,563670,570330,530709
Luftemissionsart CH4,51,56,50,41,39,38,37,38,38,41,44,45,33,29,33,41,34,35,40,35,36,32
Luftemissionsart N2O,18,17,15,13,12,12,12,12,11,11,11,13,10,10,11,14,13,14,16,11,12,11
Luftemissionsart NOX,2571,2519,2371,2217,2261,2195,2180,2108,1999,1930,1842,1869,1630,1434,1371,1483,1318,1204,1246,730,613,588
Luftemissionsart SO2,881,467,291,144,116,92,91,76,47,43,39,147,34,19,17,80,18,18,20,16,10,13
Luftemissionsart NMVOC,185,177,160,142,134,123,119,112,103,99,91,100,78,65,59,68,54,57,58,58,56,53
Luftemissionsart NH3,12,13,13,10,10,10,10,10,9,9,8,13,8,6,6,10,6,8,8,10,11,12
Luftemissionsart Feinst10,124,114,84,77,77,74,74,71,67,67,64,65,58,53,49,51,47,44,45,29,29,28
Luftemissionsart HFC,0,0,0,0,0,1,1,1,2,2,2,2,2,2,4,4,4,5,5,3,4,4
Luftemissionsart PFC,0,0,0,0,0,0,0,0,0,0,0,0,0,0,0,0,0,0,0,0,0,0
Luftemissionsart SF6,0,0,0,0,0,0,0,0,0,0,0,0,0,0,0,0,0,0,0,0,0,0
Luftemissionsart CO2,1163974,1110127,1068100,1019277,1007946,1041543,1263604,1133589,1346219,1333940,1253643,1223553,1409466,1736032,1345147,1420740,1433707,1502930,1467331,1342807,1519946,1297256
Luftemissionsart CH4,392,359,364,306,289,277,281,261,258,249,232,231,246,276,240,242,248,249,241,224,234,206
Luftemissionsart N2O,17,16,16,14,13,13,15,13,18,20,18,18,26,31,22,23,24,26,26,25,27,24
Luftemissionsart NOX,1849,1782,1741,1691,1712,1707,1834,1708,2020,2082,1933,1883,2135,2328,1800,1798,1789,1878,1793,1974,2036,1793
Luftemissionsart SO2,966,776,736,554,500,369,502,358,328,274,261,207,295,369,187,194,160,153,147,110,90,105
Luftemissionsart NMVOC,794,728,720,617,577,537,503,459,488,493,432,422,512,539,416,398,411,439,423,408,398,365
Luftemissionsart NH3,19,19,18,16,16,16,22,18,19,18,17,15,19,25,16,17,17,18,17,18,17,16
Luftemissionsart Feinst10,307,291,298,274,272,264,264,255,305,334,304,295,347,347,274,258,259,267,254,255,246,230
Luftemissionsart HFC,0,0,0,0,0,1,1,2,2,2,2,2,2,2,2,2,2,3,3,6,6,6
Luftemissionsart PFC,0,0,0,0,0,0,0,0,0,0,0,0,0,0,0,0,0,0,0,0,0,0
Luftemissionsart SF6,0,0,0,0,0,0,0,0,0,0,0,0,0,0,0,0,0,0,0,0,0,0
Luftemissionsart CO2,170220,156611,153556,166317,180630,175931,193211,161966,161421,163690,160179,176989,165983,361924,340890,367662,363903,371857,367925,457174,442101,283385
Luftemissionsart CH4,3,3,3,3,2,2,3,2,2,2,2,3,2,18,19,21,19,22,22,22,21,7
Luftemissionsart N2O,4,4,4,4,4,4,4,3,3,3,3,3,4,7,7,8,9,8,8,10,10,8
Luftemissionsart NOX,1144,1103,1083,1082,1121,1093,1087,1035,983,955,902,885,828,914,859,879,846,799,771,936,831,688
Luftemissionsart SO2,73,36,25,23,23,20,18,3,3,4,4,12,9,39,43,38,230,59,54,33,45,57
Luftemissionsart NMVOC,93,87,81,75,71,65,62,58,54,51,47,46,41,44,40,40,39,47,44,53,45,38
Luftemissionsart NH3,2,3,3,4,4,4,4,4,4,4,4,4,4,6,6,5,6,7,7,8,8,7
Luftemissionsart Feinst10,50,48,47,46,46,44,45,43,41,41,39,38,36,34,32,32,34,32,31,39,36,34
Luftemissionsart HFC,0,0,0,0,0,1,2,2,2,2,3,3,3,3,3,3,3,3,3,5,5,5
Luftemissionsart PFC,0,0,0,0,0,0,0,0,0,0,0,0,0,0,0,0,0,0,0,0,0,0
Luftemissionsart SF6,0,0,0,0,0,0,0,0,0,0,0,0,0,0,0,0,0,0,0,0,0,0
Luftemissionsart CO2,374750186,376732646,362220554,366875006,356397524,365603646,375623024,379122434,398987263,397621700,397466171,409497245,428442047,412127253,387242270,411233009,408923002,407645780,414004675,399992439,394437264,389858479
Luftemissionsart CH4,217952,210761,198525,191908,177278,122659,113862,102506,112765,108038,108529,112173,115705,117035,117839,125750,131198,141469,150770,154248,163074,172892
Luftemissionsart N2O,8827,8573,8282,8234,7985,8255,8461,8520,9029,9233,9045,9323,9683,9431,9013,9439,9532,9596,9418,9116,8918,8816
Luftemissionsart NOX,329885,318028,296981,291015,274103,272028,275967,275376,303596,288941,289605,301522,316454,308761,298489,320824,318815,311819,313980,304238,298183,297553
Luftemissionsart SO2,1170444,960022,762080,574190,431139,308942,291629,266084,254503,229509,217857,218955,225583,210725,199790,206999,207015,209503,208716,204304,198447,190027
Luftemissionsart NMVOC,10590,10557,9947,10054,9566,12148,11867,11353,13259,13609,13665,14670,15664,15578,14854,15182,15433,13951,13868,13522,13200,13076
Luftemissionsart NH3,5203,4979,4801,4681,4386,2351,2378,2315,2417,2366,2352,2358,2409,2290,2256,2373,2298,2283,2252,2246,2206,2170
Luftemissionsart Feinst10,20172,18059,15800,14541,12919,12150,12129,11599,12427,12654,12104,12235,12646,12015,11405,11592,11650,10970,11166,10968,10790,10457
Luftemissionsart HFC,0,0,0,0,0,2,3,3,4,5,5,6,6,7,9,11,10,21,20,22,26,27
Luftemissionsart PFC,0,0,0,0,0,0,0,0,0,0,0,0,0,0,0,0,0,0,0,0,0,0
Luftemissionsart SF6,0,0,0,0,0,167,173,176,199,231,195,194,182,174,168,161,155,148,144,144,148,143
Luftemissionsart CO2,28500,29290,31766,35128,36975,36614,36148,40202,43533,42329,41802,41129,39205,41123,86265,84282,78287,75065,77283,82038,87812,90663
Luftemissionsart CH4,2,2,2,2,2,2,2,2,2,2,2,2,1,1,1,1,1,2,1,1,1,1
Luftemissionsart N2O,3,3,3,3,3,4,4,3,3,3,3,4,4,5,5,6,6,4,5,5,6,6
Luftemissionsart NOX,1346,1306,1293,1306,1374,1355,1355,1297,1233,1204,1143,1120,1055,942,870,810,719,502,499,464,443,408
Luftemissionsart SO2,82,39,27,25,24,22,19,3,1,1,1,1,1,1,1,1,1,1,1,1,1,1
Luftemissionsart NMVOC,89,85,80,77,75,70,68,64,60,57,53,50,45,37,33,28,23,19,18,16,15,14
Luftemissionsart NH3,1,1,1,1,1,1,1,1,1,1,1,1,1,1,1,1,1,1,1,1,1,1
Luftemissionsart Feinst10,61,59,57,54,55,53,53,50,47,47,45,43,40,35,32,28,24,22,22,22,21,21
Luftemissionsart HFC,0,0,0,0,0,0,0,0,1,1,1,1,1,1,2,2,2,2,2,2,2,2
Luftemissionsart PFC,0,0,0,0,0,0,0,0,0,0,0,0,0,0,0,0,0,0,0,0,0,0
Luftemissionsart SF6,0,0,0,0,0,0,0,0,0,0,0,0,0,0,0,0,0,0,0,0,0,0
Luftemissionsart CO2,7249772,7522026,7627325,7939971,8015177,8327163,8516556,7898159,6114004,7106468,7094008,7687826,7612156,7376322,8049484,7079875,7124403,6643593,6796131,6616190,6656802,6721022
Luftemissionsart CH4,1496234,1439486,1326314,1242544,1178604,1113633,1048323,991326,927962,871852,812972,749508,696073,646310,597260,552587,520420,489716,458547,434369,410032,386589
Luftemissionsart N2O,2388,2503,2338,2458,2549,3300,3197,3326,3200,3203,3219,2980,3052,3059,3146,3110,3217,3154,3154,3221,3249,3270
Luftemissionsart NOX,65184,63740,63635,64782,68807,68574,68977,66444,61898,60920,58086,57484,54079,48210,45889,40563,37871,34350,31891,28910,27192,25047
Luftemissionsart SO2,5067,2700,2008,1897,1870,1757,1725,847,275,377,346,1139,565,477,3444,619,975,394,1333,1000,297,316
Luftemissionsart NMVOC,4636,4459,4250,4076,4024,3801,3707,3514,3074,2961,2766,2640,2357,1921,1774,1421,1239,1318,1180,1057,950,886
Luftemissionsart NH3,1202,1516,1668,1808,2066,2336,2346,2739,2737,2773,2742,2781,2947,2896,2971,2919,3207,3324,3319,3515,3524,3524
Luftemissionsart Feinst10,2845,2715,2612,2498,2532,2425,2436,2300,2090,2097,2002,1903,1745,1502,1476,1170,1055,1462,1416,1344,1287,1255
Luftemissionsart HFC,2865,3655,4401,5115,5442,255,256,292,354,441,579,630,630,566,717,582,658,870,918,1012,1110,1191
Luftemissionsart PFC,20,43,69,91,106,0,0,0,5,14,35,60,69,58,41,25,16,4,4,3,3,3
Luftemissionsart SF6,126,133,139,144,87,1269,945,606,682,786,917,1069,1228,1376,1613,1749,1869,2003,2073,2129,2355,2656
Luftemissionsart CO2,6189978,6509349,5983883,5628766,5554452,5394954,5338265,5052940,4873926,4741992,4455157,4729029,4181807,4305560,3478984,3486336,3521187,3522399,3706865,3796464,4147862,4304243
Luftemissionsart CH4,595,546,542,386,375,363,335,304,256,245,250,260,244,246,182,164,169,140,139,138,162,165
Luftemissionsart N2O,140,141,139,132,135,128,124,111,107,104,98,102,100,105,107,108,116,98,106,114,121,126
Luftemissionsart NOX,39188,37421,36978,36216,37335,35149,33242,30990,28925,27330,24864,24378,22376,20946,20022,18620,18583,15305,15132,15228,14860,14256
Luftemissionsart SO2,4375,3467,2602,1907,1650,1502,1409,912,871,717,592,727,470,424,189,129,46,50,32,30,26,26
Luftemissionsart NMVOC,6374,5948,5846,5481,5569,5004,4821,4494,4147,3904,3591,3535,3194,3280,2694,2498,2379,1657,1605,1619,2396,2470
Luftemissionsart NH3,73,88,74,69,62,63,64,59,60,62,57,60,46,45,40,41,37,43,44,45,43,44
Luftemissionsart Feinst10,18451,16775,18801,19893,20160,19429,14490,18008,14311,13752,13557,13598,10431,12434,12523,10930,10194,10288,12931,11882,10414,9716
Luftemissionsart HFC,0,0,0,0,0,18,22,25,26,27,28,32,30,32,21,22,25,28,30,35,39,40
Luftemissionsart PFC,0,0,0,0,0,0,0,0,0,0,0,0,0,0,0,0,0,0,0,0,0,0
Luftemissionsart SF6,0,0,0,0,0,0,0,0,0,0,0,0,0,0,0,0,0,0,0,0,0,0
Luftemissionsart CO2,6018302,6256988,5879964,5942280,5824290,5527094,5683926,5368227,4993128,4855751,4601093,4899074,4336725,4509240,5220873,5334721,5569826,5468702,5727918,5747666,6343555,6590331
Luftemissionsart CH4,587,545,541,433,431,397,381,374,291,276,298,294,281,294,327,275,307,258,274,304,307,311
Luftemissionsart N2O,192,193,192,188,192,182,178,158,150,146,139,143,145,155,166,171,189,141,150,159,173,180
Luftemissionsart NOX,56290,53828,53088,52394,53997,51192,49153,46180,43192,40708,37457,36601,33764,31036,29499,28055,28381,20694,20046,19898,19847,19047
Luftemissionsart SO2,5085,3659,2767,2301,2070,1785,1732,1151,967,802,712,823,541,559,516,251,92,105,60,55,46,45
Luftemissionsart NMVOC,7468,6984,6810,6429,6495,5853,5645,5283,4862,4543,4185,4091,3689,3692,3070,2844,2716,1879,1793,1781,2553,2616
Luftemissionsart NH3,82,97,88,91,87,87,91,87,85,83,79,83,66,65,67,72,71,73,75,69,68,68
Luftemissionsart Feinst10,4651,4294,4178,3947,3978,3670,3432,3157,2897,2702,2467,2371,2196,2042,1950,1900,1912,1222,1163,1157,1135,1085
Luftemissionsart HFC,0,0,0,0,0,19,22,25,26,28,29,32,32,34,45,48,54,55,57,63,74,75
Luftemissionsart PFC,0,0,0,0,0,0,0,0,0,0,0,0,0,0,0,0,0,0,0,0,0,0
Luftemissionsart SF6,0,0,0,0,0,0,0,0,0,0,0,0,0,0,0,0,0,0,0,0,0,0
Luftemissionsart CO2,2772891,3413202,3109012,3270754,3166529,2903862,3229043,2639002,2220253,2104663,2009007,2267691,1989266,2234829,2305274,2357365,1796831,1808638,1925819,2321145,1901760,1996487
Luftemissionsart CH4,655,569,615,452,452,426,422,351,254,249,254,300,299,280,247,269,291,259,273,304,274,284
Luftemissionsart N2O,49,54,53,50,50,49,51,43,37,37,37,40,43,48,49,56,37,29,30,35,32,34
Luftemissionsart NOX,12075,12105,11758,11829,12184,11824,11948,11093,10321,10018,9496,9394,8749,8003,7364,7224,4123,2576,2540,3390,2386,2323
Luftemissionsart SO2,3115,3011,2554,2117,1850,1600,1692,1039,673,583,557,633,503,549,332,299,128,102,46,84,107,112
Luftemissionsart NMVOC,1542,1348,1331,1004,939,851,806,724,617,579,540,527,471,402,355,340,229,139,133,149,124,119
Luftemissionsart NH3,71,95,87,94,89,88,93,76,66,63,60,61,53,60,56,53,46,34,35,34,32,32
Luftemissionsart Feinst10,710,648,635,528,521,484,484,447,406,403,386,370,347,310,281,277,200,114,106,146,106,104
Luftemissionsart HFC,0,0,0,0,0,8,10,11,12,13,13,16,14,15,19,20,12,12,12,23,15,15
Luftemissionsart PFC,0,0,0,0,0,0,0,0,0,0,0,0,0,0,0,0,0,0,0,0,0,0
Luftemissionsart SF6,0,0,0,0,0,0,0,0,0,0,0,0,0,0,0,0,0,0,0,0,0,0
Luftemissionsart CO2,8308858,8749889,8275967,8381912,8423517,8093636,8472526,7662528,6929559,7101911,7104394,7444231,6469054,6581416,6283302,6712574,6814139,6713555,6914305,7379368,7038465,7286886
Luftemissionsart CH4,1479,1354,1375,1027,970,925,917,808,517,533,546,586,377,328,273,307,362,284,316,378,402,413
Luftemissionsart N2O,141,148,150,148,157,165,171,164,158,168,170,184,208,243,266,316,358,319,342,370,394,414
Luftemissionsart NOX,48517,47629,47169,47803,50481,50018,50429,48170,45665,44715,42654,42012,39167,35238,32486,32922,32671,33949,31336,30341,27053,24575
Luftemissionsart SO2,7258,5106,4127,3086,2711,2438,2400,1296,919,813,802,813,474,539,280,367,415,150,77,136,241,238
Luftemissionsart NMVOC,61536,55580,51126,46366,41523,41451,39538,37660,33464,30925,27327,26115,23813,23059,22050,20794,19681,18581,18051,17633,17707,18067
Luftemissionsart NH3,117,137,131,137,132,136,140,130,126,123,119,117,95,100,93,94,92,127,128,110,107,109
Luftemissionsart Feinst10,2319,2139,2057,1802,1799,1697,1697,1587,1459,1456,1389,1304,1202,1043,929,904,863,1584,1488,1513,1407,1370
Luftemissionsart HFC,0,0,0,0,0,417,462,505,547,589,616,643,675,716,759,787,808,793,765,743,689,633
Luftemissionsart PFC,0,0,0,0,0,28,29,29,28,27,24,20,14,9,6,4,2,2,2,1,1,1
Luftemissionsart SF6,0,0,0,0,0,0,0,0,0,0,0,0,0,0,0,0,0,0,0,0,0,0
Luftemissionsart CO2,13426072,14502513,13061273,12832459,12389154,11934663,12938478,12746635,11988757,11345669,10565169,11040232,9892583,10578837,9237037,10337380,9862747,9690815,10061424,10003334,9388955,9752765
Luftemissionsart CH4,4052,3336,3496,2148,2107,2016,1946,2077,1603,1533,1401,1515,1540,1361,1196,1338,1415,1162,1198,1337,1287,1295
Luftemissionsart N2O,181,179,178,145,142,137,141,130,114,106,103,106,97,102,91,112,115,117,119,129,126,129
Luftemissionsart NOX,24183,24031,22628,21798,21596,20449,20516,19580,18291,17557,16378,16118,14621,13847,12564,12873,12560,14046,14008,15501,13486,13323
Luftemissionsart SO2,13342,11368,10101,6383,5516,4994,5111,4660,3880,3036,2945,2952,1998,2306,1150,1347,807,357,157,331,399,351
Luftemissionsart NMVOC,6429,5080,5158,2975,2685,2388,2120,2079,1609,1441,1358,1337,1173,1049,928,949,919,1265,1211,984,868,831
Luftemissionsart NH3,277,326,299,307,290,296,307,293,292,269,253,248,203,230,206,216,202,269,264,194,185,185
Luftemissionsart Feinst10,2307,1855,1850,1160,1110,994,971,950,835,800,773,755,702,655,593,618,614,699,653,687,586,562
Luftemissionsart HFC,0,0,0,0,0,387,429,477,527,577,619,670,725,786,833,876,917,929,927,932,895,861
Luftemissionsart PFC,0,0,0,0,0,22,23,23,23,22,19,16,11,7,5,3,2,2,1,1,1,1
Luftemissionsart SF6,0,0,0,0,0,0,0,0,0,0,0,0,0,0,0,0,0,0,0,0,0,0
Luftemissionsart CO2,11662823,11790977,11831002,12271582,13644035,12867906,14685139,15972548,16026443,16089076,15886868,16579957,16955829,16515621,17428294,17817320,18439587,18201888,18322002,16540675,16961144,17167110
Luftemissionsart CH4,91175,92779,92790,95066,96663,99090,100940,102142,103346,104636,106183,107912,109274,110160,111789,112863,115395,117090,118257,117905,116168,116355
Luftemissionsart N2O,246,257,255,259,274,251,293,295,295,327,329,357,404,472,517,584,655,1065,1125,1006,1077,1114
Luftemissionsart NOX,120405,117597,115209,115220,118549,114884,116720,111308,106815,103933,97252,94709,89264,81905,75054,73978,73754,113092,106275,85779,79140,69057
Luftemissionsart SO2,8687,4991,2964,2726,2672,2323,2072,482,255,252,259,258,246,280,282,276,295,347,344,326,329,332
Luftemissionsart NMVOC,13199,12807,12625,12421,12119,13286,12866,12380,12139,11944,12101,12106,11477,11277,10636,10188,10010,11605,11065,10427,10413,10216
Luftemissionsart NH3,61,68,67,67,69,67,71,70,69,70,69,69,68,68,66,66,68,124,121,125,125,126
Luftemissionsart Feinst10,4537,5018,45122,43958,46579,48670,46691,44346,41912,41206,39258,40332,40095,40029,36534,46009,49826,50718,50813,51812,51959,41985
Luftemissionsart HFC,0,0,0,0,0,285,329,372,405,438,476,528,560,587,628,656,697,718,730,711,734,726
Luftemissionsart PFC,0,0,0,0,0,2,2,2,1,1,0,0,0,0,0,0,0,0,0,0,0,0
Luftemissionsart SF6,0,0,0,0,0,0,0,0,0,0,0,0,0,0,0,0,0,0,0,0,0,0
Luftemissionsart CO2,14511871,13212016,14215764,13950161,14393902,5828020,13578900,15635118,14671288,25166722,22740542,23108656,31355228,31926202,25203566,27407950,23456514,26958824,26792100,25753282,27796741,28835490
Luftemissionsart CH4,201,182,189,183,185,59,131,149,139,235,214,218,291,291,242,264,228,257,259,249,227,274
Luftemissionsart N2O,552,501,553,547,571,628,554,653,608,1064,950,963,1328,1340,1099,1186,1008,1163,1156,1112,1177,1183
Luftemissionsart NOX,229451,207322,222937,218691,225582,87437,220646,257802,241187,423448,380215,380551,525816,529645,435477,467113,397761,459087,458804,435650,457710,434960
Luftemissionsart SO2,207837,184345,202311,201531,211549,66626,193332,230149,215208,394940,350547,192307,273319,276370,224331,157749,131888,156411,157671,148584,15742,16559
Luftemissionsart NMVOC,25526,22692,24700,24461,25424,2840,6421,7352,6873,11645,10561,10771,14457,14470,12016,13086,11267,12719,12845,12330,11236,13574
Luftemissionsart NH3,62,56,59,58,59,22,55,64,60,104,93,94,130,131,107,116,99,114,113,109,115,116
Luftemissionsart Feinst10,160763,147517,124450,123615,129395,31738,82127,96750,90517,161750,144016,81931,113620,114386,92671,66987,57044,66648,68572,64448,55163,73423
Luftemissionsart HFC,0,0,0,0,0,5,6,7,8,9,12,15,13,19,1,1,1,1,1,2,2,2
Luftemissionsart PFC,0,0,0,0,0,0,0,0,0,0,0,0,0,0,0,0,0,0,0,0,0,0
Luftemissionsart SF6,0,0,0,0,0,0,0,0,0,0,0,0,0,0,0,0,0,0,0,0,0,0
Luftemissionsart CO2,18699593,19557979,20275392,20842863,22306440,23667293,23020961,22800977,23190933,23852523,27400498,28710472,30225266,30391365,27695008,26289812,25669185,27638912,27745107,26981014,26710762,25735107
Luftemissionsart CH4,96,94,102,99,102,106,101,95,92,87,93,95,95,96,93,93,95,90,81,81,87,87
Luftemissionsart N2O,576,603,626,644,691,714,714,708,718,735,846,888,937,941,883,839,819,884,887,862,854,823
Luftemissionsart NOX,87984,92329,95491,99436,107132,115185,111319,110146,110923,112809,129382,135573,146439,153386,147377,142042,138784,152471,158909,154776,154319,150898
Luftemissionsart SO2,3737,3402,2989,2538,2606,2634,2434,2282,2197,2134,2310,2276,2227,2069,1779,1694,1657,1788,1802,1754,1737,1678
Luftemissionsart NMVOC,4501,4724,4936,4908,4808,4931,4567,4732,4709,4898,4834,4546,4490,4528,4118,3827,3749,3936,4131,4051,3972,3505
Luftemissionsart NH3,971,1021,1056,1087,1169,1241,1207,1198,1221,1261,1456,1532,1617,1625,1526,1454,1425,1537,1549,1508,1494,1443
Luftemissionsart Feinst10,1070,1126,1163,1198,1291,1369,1332,1324,1349,1393,1611,1694,1788,1794,1681,1594,1556,1701,1718,1668,1647,1585
Luftemissionsart HFC,0,0,0,0,0,32,37,41,48,52,63,71,71,76,61,63,65,64,57,59,60,59
Luftemissionsart PFC,0,0,0,0,0,0,0,0,0,0,0,0,0,0,0,0,0,0,0,0,0,0
Luftemissionsart SF6,0,0,0,0,0,0,0,0,0,0,0,0,0,0,0,0,0,0,0,0,0,0
Luftemissionsart CO2,8284046,8373851,8456277,8690754,9558819,9914942,10308862,9377033,9507586,10026145,9809211,10403261,9907848,9933209,8351297,8948062,8984971,8793180,9411628,9741209,9761595,9908642
Luftemissionsart CH4,219,216,216,198,209,237,258,272,197,205,130,151,157,139,166,189,200,183,211,221,226,229
Luftemissionsart N2O,84,89,92,96,107,117,121,123,124,134,135,146,173,205,229,271,297,511,550,616,665,685
Luftemissionsart NOX,38063,37225,37147,37873,40442,40395,40765,39214,37401,36703,34957,34440,32503,29240,27046,27449,26559,36587,35413,34218,29412,23956
Luftemissionsart SO2,3505,1889,1315,1205,1168,1095,1056,435,367,345,329,293,200,277,169,122,55,79,65,69,68,70
Luftemissionsart NMVOC,2003,1927,1835,1764,1759,1666,1631,1535,1433,1378,1285,1211,1084,899,782,736,654,1000,947,947,887,830
Luftemissionsart NH3,30,33,31,31,32,35,38,39,40,40,39,39,35,39,36,38,37,61,66,70,73,74
Luftemissionsart Feinst10,1488,1414,1352,1288,1306,1246,1252,1174,1091,1091,1039,968,890,765,678,643,575,1659,1678,1782,1702,1631
Luftemissionsart HFC,0,0,0,0,0,654,724,790,858,927,969,1017,1062,1129,1171,1207,1236,1208,1175,1136,1063,971
Luftemissionsart PFC,0,0,0,0,0,44,46,46,45,43,39,31,22,15,9,6,4,3,3,2,2,2
Luftemissionsart SF6,0,0,0,0,0,0,0,0,0,0,0,0,0,0,0,0,0,0,0,0,0,0
Luftemissionsart CO2,3003016,3013115,2955832,3116337,3463305,3582411,3622793,3579861,3536120,3631729,3597472,3785819,3465587,3480472,3411214,3513567,3074162,2964715,3441164,4763125,4366070,4459106
Luftemissionsart CH4,101,92,92,71,72,70,70,68,52,54,51,69,63,66,55,49,51,54,58,84,103,101
Luftemissionsart N2O,38,40,41,43,47,51,52,52,53,57,58,63,74,88,97,112,107,191,211,247,275,286
Luftemissionsart NOX,16459,16082,16024,16307,17379,17311,17435,16745,15973,15664,14947,14731,13898,12483,11523,11346,9538,15974,16089,16044,13800,11846
Luftemissionsart SO2,1624,913,655,560,534,483,452,164,117,107,107,97,69,93,47,35,15,25,23,28,28,29
Luftemissionsart NMVOC,901,856,819,767,763,720,702,657,612,588,550,519,464,386,333,306,233,458,453,461,424,395
Luftemissionsart NH3,15,16,15,15,15,15,16,16,16,16,16,16,14,15,14,14,11,26,30,39,38,39
Luftemissionsart Feinst10,659,623,597,563,570,543,545,511,474,474,452,422,389,336,298,283,207,716,760,856,798,770
Luftemissionsart HFC,0,0,0,0,0,30,36,41,46,51,57,64,58,61,64,69,62,62,73,102,92,91
Luftemissionsart PFC,0,0,0,0,0,0,0,0,0,0,0,0,0,0,0,0,0,0,0,0,0,0
Luftemissionsart SF6,0,0,0,0,0,0,0,0,0,0,0,0,0,0,0,0,0,0,0,0,0,0
Luftemissionsart CO2,4797348,5866937,5151272,4952157,4767879,4489421,5024593,5075468,4457397,4260574,4152489,4565695,3412905,3671178,3667064,3942747,3701279,3660368,3822473,3309863,3310188,3489855
Luftemissionsart CH4,1509,1415,1482,1018,1038,1018,1009,1082,755,723,692,814,700,580,537,542,627,525,514,557,546,564
Luftemissionsart N2O,53,58,56,45,44,43,47,48,38,36,35,39,30,31,28,34,34,29,30,27,30,31
Luftemissionsart NOX,5417,5975,5431,5285,5189,4901,4941,4897,4474,4309,4184,4350,3635,3681,3593,3754,3644,3433,3517,3355,3385,3473
Luftemissionsart SO2,5010,5047,4356,3062,2698,2453,2615,2603,2161,1793,1721,1796,1137,1305,833,743,394,246,109,133,208,214
Luftemissionsart NMVOC,1615,1347,1419,730,673,624,547,587,401,352,343,356,305,296,276,292,291,302,299,325,312,313
Luftemissionsart NH3,104,130,109,110,103,98,108,106,106,101,101,103,73,85,86,91,82,90,92,84,80,82
Luftemissionsart Feinst10,569,475,472,241,219,183,178,184,139,124,118,120,100,99,87,96,98,75,72,77,83,84
Luftemissionsart HFC,0,0,0,0,0,227,250,273,294,319,328,339,358,385,410,429,442,432,416,396,368,341
Luftemissionsart PFC,0,0,0,0,0,17,17,17,17,16,15,12,8,5,3,2,1,1,1,1,1,1
Luftemissionsart SF6,0,0,0,0,0,0,0,0,0,0,0,0,0,0,0,0,0,0,0,0,0,0
Luftemissionsart CO2,4044820,4248512,4188319,4464840,4626342,4705236,5074635,4251259,4071195,4459921,4414185,4522827,4122155,4409714,3379451,3324034,3582834,3485514,3588592,3540058,3671561,3863792
Luftemissionsart CH4,332,310,331,288,306,322,340,260,208,299,308,432,381,419,331,317,362,334,341,408,371,387
Luftemissionsart N2O,62,65,65,66,68,68,70,61,58,63,63,67,71,84,86,89,114,99,105,104,106,108
Luftemissionsart NOX,20561,20066,19742,19879,20780,20428,20547,19394,18369,18143,17281,17026,15830,14317,13086,11794,13511,11652,11013,10429,9740,9363
Luftemissionsart SO2,2458,1839,1467,1319,1237,1150,1236,630,544,684,720,641,414,571,260,169,53,61,36,32,26,27
Luftemissionsart NMVOC,1721,1596,1513,1362,1312,1217,1176,1069,985,953,890,850,754,652,564,481,515,535,487,496,455,446
Luftemissionsart NH3,60,70,70,74,75,81,85,73,71,78,78,76,64,65,58,54,55,68,68,68,65,68
Luftemissionsart Feinst10,950,902,874,821,829,792,797,746,701,705,676,640,597,540,487,429,474,512,480,465,454,452
Luftemissionsart HFC,0,0,0,0,0,27,32,37,41,44,47,48,47,51,40,39,48,48,48,51,55,55
Luftemissionsart PFC,0,0,0,0,0,0,0,0,0,0,0,0,0,0,0,0,0,0,0,0,0,0
Luftemissionsart SF6,0,0,0,0,0,0,0,0,0,0,0,0,0,0,0,0,0,0,0,0,0,0
Luftemissionsart CO2,2497351,2844224,2384385,2402264,2237139,2108856,2379742,2365882,2150812,1959674,1968085,2200404,1770075,1991266,1781438,1850264,1637121,1673696,1886187,1749927,1707743,1835629
Luftemissionsart CH4,532,493,488,402,398,392,393,413,313,305,316,403,385,415,358,344,356,327,361,415,370,386
Luftemissionsart N2O,23,25,22,20,19,18,20,18,17,16,16,17,14,19,15,17,16,16,18,18,19,20
Luftemissionsart NOX,2894,3053,2752,2737,2699,2591,2727,2630,2444,2290,2221,2281,1956,1942,1713,1754,1701,1686,1802,1903,1782,1834
Luftemissionsart SO2,2153,2143,1657,1405,1186,1045,1129,917,907,751,732,675,416,584,265,163,39,51,27,23,16,17
Luftemissionsart NMVOC,498,421,406,270,243,226,212,178,159,147,139,138,115,120,96,94,90,105,106,123,116,113
Luftemissionsart NH3,58,68,56,58,53,51,56,53,54,48,48,47,34,37,32,31,27,32,34,33,32,33
Luftemissionsart Feinst10,157,133,121,78,70,61,61,50,47,43,41,39,32,37,27,27,25,55,53,59,62,63
Luftemissionsart HFC,0,0,0,0,0,20,22,27,33,41,49,62,73,85,94,104,114,123,130,138,144,147
Luftemissionsart PFC,0,0,0,0,0,0,0,0,0,0,0,0,0,0,0,0,0,0,0,0,0,0
Luftemissionsart SF6,0,0,0,0,0,0,0,0,0,0,0,0,0,0,0,0,0,0,0,0,0,0
Luftemissionsart CO2,825570,890706,862889,943194,939290,898387,968317,954212,1038567,1091452,1138403,1323301,1169332,1253505,1097055,1101946,1065581,1088479,1117802,1150721,1299217,1383728
Luftemissionsart CH4,100,94,102,90,90,87,83,85,72,74,80,115,98,110,82,75,79,73,70,66,71,72
Luftemissionsart N2O,27,27,27,27,26,24,24,19,18,18,17,17,17,18,17,18,19,18,18,20,22,23
Luftemissionsart NOX,6345,6119,5916,5831,5883,5611,5523,5233,4910,4716,4418,4328,3984,3576,3231,3083,2954,2218,2259,2550,2631,2627
Luftemissionsart SO2,638,509,420,384,341,293,290,199,183,156,148,165,103,150,59,36,11,13,8,7,6,6
Luftemissionsart NMVOC,665,610,568,507,469,420,398,364,333,315,290,282,251,220,194,180,170,178,172,206,192,191
Luftemissionsart NH3,28,33,35,38,38,42,41,40,39,37,35,35,31,31,27,26,25,35,34,37,37,39
Luftemissionsart Feinst10,335,324,319,306,308,296,297,285,272,272,261,253,242,226,210,206,205,118,112,122,127,126
Luftemissionsart HFC,0,0,0,0,0,5,6,7,9,11,13,15,14,15,15,16,17,18,19,21,24,25
Luftemissionsart PFC,0,0,0,0,0,0,0,0,0,0,0,0,0,0,0,0,0,0,0,0,0,0
Luftemissionsart SF6,0,0,0,0,0,0,0,0,0,0,0,0,0,0,0,0,0,0,0,0,0,0
Luftemissionsart CO2,7028815,7594487,7484824,8067576,8257748,8287601,8939427,8631506,8033308,7866885,8037315,8812245,8202454,9125596,8720682,8702007,8284460,8254920,8573604,8394871,8869912,9232660
Luftemissionsart CH4,655,644,660,600,603,587,589,608,505,498,492,638,564,617,531,513,549,504,580,708,672,689
Luftemissionsart N2O,227,234,233,230,227,211,206,166,155,152,143,142,143,156,154,157,159,135,138,151,158,163
Luftemissionsart NOX,56610,54524,52749,51967,52559,50179,49346,46769,43914,42265,39638,38410,35631,31962,29135,26981,25131,17811,17841,19530,18922,18926
Luftemissionsart SO2,4347,3211,2528,2299,2102,1802,1822,1124,1030,922,984,915,599,1009,425,290,91,104,63,62,52,52
Luftemissionsart NMVOC,5949,5487,5052,4583,4251,3802,3602,3312,3038,2880,2657,2565,2295,2008,1795,1605,1459,1401,1343,1553,1423,1354
Luftemissionsart NH3,221,265,288,308,312,349,340,333,325,315,300,290,264,266,240,220,203,266,261,283,271,278
Luftemissionsart Feinst10,2955,2870,2816,2728,2755,2652,2666,2566,2450,2455,2361,2282,2185,2037,1906,1775,1683,900,838,845,854,827
Luftemissionsart HFC,0,0,0,0,0,68,80,92,100,110,126,150,154,174,190,197,203,214,219,225,239,241
Luftemissionsart PFC,0,0,0,0,0,0,0,0,0,0,0,0,0,0,0,0,0,0,0,0,0,0
Luftemissionsart SF6,5,5,5,5,5,125,122,123,123,123,123,124,204,204,204,185,185,185,186,186,186,186
Luftemissionsart CO2,946203,1033007,978897,1186020,1215744,1031749,1121320,1111725,1138248,1118427,1180725,1068822,1074556,1225779,982910,1051622,1037856,1010314,1084719,1039480,1340114,1361639
Luftemissionsart CH4,133,139,145,140,144,144,148,155,116,101,118,137,132,149,157,144,165,138,145,207,235,221
Luftemissionsart N2O,17,18,18,18,18,17,17,14,13,13,13,13,12,15,15,17,19,15,16,14,18,19
Luftemissionsart NOX,3554,3485,3353,3311,3331,3174,3158,3004,2803,2671,2557,2496,2284,2119,1994,2197,2300,1614,1660,1162,1550,1522
Luftemissionsart SO2,477,445,356,328,290,253,274,205,218,192,228,215,145,239,147,98,27,30,15,18,15,14
Luftemissionsart NMVOC,352,324,301,263,243,219,209,189,173,163,153,148,131,122,109,114,114,94,94,90,94,89
Luftemissionsart NH3,19,23,24,25,25,27,27,26,27,25,26,26,22,24,24,25,24,22,22,24,25,26
Luftemissionsart Feinst10,141,137,134,127,127,121,123,117,112,112,108,105,99,96,89,97,100,69,66,47,63,62
Luftemissionsart HFC,0,0,0,0,0,8,9,10,12,13,14,11,13,14,7,10,11,12,12,9,13,13
Luftemissionsart PFC,0,0,0,0,0,0,0,0,0,0,0,0,0,0,0,0,0,0,0,0,0,0
Luftemissionsart SF6,0,0,0,0,0,0,0,0,0,0,0,0,0,0,0,0,0,0,0,0,0,0
Luftemissionsart CO2,10312795,10804896,10313315,10115765,8942826,8479763,8658012,8463254,8089418,7576120,7872245,8794193,7345775,7481121,6948072,7517070,6856793,6728219,6712514,6991677,7169039,7437340
Luftemissionsart CH4,1659,1430,2662,2074,1224,1542,1441,1299,1234,1186,1272,1985,1801,1782,1585,2231,2479,3954,2538,2833,2875,2948
Luftemissionsart N2O,177,168,197,163,147,149,136,125,115,105,104,118,126,129,129,130,143,66,63,68,71,73
Luftemissionsart NOX,39467,36373,36333,36273,34075,32699,32493,31642,29148,27253,29778,27469,24867,22761,21331,21352,20020,12571,11761,12041,11695,11648
Luftemissionsart SO2,8059,7568,7766,5635,4534,4699,4507,3759,3520,3060,3054,3784,3629,3339,2751,2893,3154,1467,575,620,589,613
Luftemissionsart NMVOC,9563,7941,9098,9085,6517,6661,6132,6158,5444,4725,5398,4801,4160,3952,3832,3659,3529,2560,2463,2478,2340,2219
Luftemissionsart NH3,272,273,257,268,232,218,208,206,207,189,193,183,144,141,128,129,106,100,106,110,107,106
Luftemissionsart Feinst10,2587,2180,2780,2095,1753,1610,1541,1447,1347,1299,1459,1353,1276,1117,997,994,931,516,388,433,426,426
Luftemissionsart HFC,0,0,0,0,0,39,44,53,64,76,91,109,123,143,158,174,188,201,211,228,237,244
Luftemissionsart PFC,0,0,0,0,0,0,0,0,0,0,0,0,0,0,0,0,0,0,0,0,0,0
Luftemissionsart SF6,0,0,0,0,0,0,0,0,0,0,0,0,0,0,0,0,0,0,0,0,0,0
Luftemissionsart CO2,5187820,6359114,5592077,5564263,5228897,4771799,5531822,5259059,4472020,4275621,4540557,5141265,4009134,4960154,4280789,4440004,4018848,3981568,4204369,3686676,3778855,3864715
Luftemissionsart CH4,1793,1770,1766,1512,1493,1413,1466,1370,1018,1025,1228,1442,1224,1157,997,1144,1251,1898,1539,1655,1654,1651
Luftemissionsart N2O,46,52,48,42,40,38,43,41,34,33,33,37,29,38,31,35,34,34,33,30,31,32
Luftemissionsart NOX,4184,4779,4270,4184,3999,3688,4069,3838,3360,3188,3227,3431,2732,3150,2690,2837,2646,2798,2700,2494,2523,2561
Luftemissionsart SO2,3726,3753,3081,2379,2006,1735,1917,1812,1693,1446,1282,1162,745,1310,700,594,338,473,238,263,257,268
Luftemissionsart NMVOC,883,716,746,360,319,311,294,288,203,174,170,173,136,159,127,138,135,149,135,138,135,135
Luftemissionsart NH3,82,101,81,83,74,66,77,75,77,70,67,66,47,76,63,61,53,54,56,48,47,46
Luftemissionsart Feinst10,359,297,284,155,136,112,112,107,89,79,73,69,56,67,53,61,61,70,58,59,59,60
Luftemissionsart HFC,0,0,0,0,0,1,1,1,2,2,2,2,2,3,3,3,3,3,3,4,4,4
Luftemissionsart PFC,0,0,0,0,0,0,0,0,0,0,0,0,0,0,0,0,0,0,0,0,0,0
Luftemissionsart SF6,0,0,0,0,0,0,0,0,0,0,0,0,0,0,0,0,0,0,0,0,0,0
Luftemissionsart CO2,6338324,7618382,6989468,6707240,6509385,6110719,6971957,7092517,5956584,5727687,5658122,6693352,5461143,6837284,6399674,7049382,6408112,6555784,6805324,6802286,7350495,7976319
Luftemissionsart CH4,3228,2930,3068,2105,2112,2036,2061,2146,1515,1463,1461,1788,1623,1703,1552,1853,2047,3054,2418,2879,3185,3332
Luftemissionsart N2O,1180,1129,1078,1003,950,897,855,759,644,543,444,462,430,408,384,383,375,348,324,313,331,348
Luftemissionsart NOX,7692,8197,7727,7333,7295,6939,7338,7201,6326,6025,5766,6148,5232,5600,5059,5611,5377,5576,5452,5758,6100,6480
Luftemissionsart SO2,7511,6534,6153,3523,3124,2946,3118,3170,2419,2005,1935,2093,1540,2118,1390,1317,966,744,370,479,624,766
Luftemissionsart NMVOC,3659,2902,3054,1494,1332,1202,1075,1117,727,602,569,588,507,494,433,454,456,475,444,536,526,558
Luftemissionsart NH3,119,146,133,137,130,130,139,139,137,128,125,129,99,126,114,117,102,112,115,115,115,120
Luftemissionsart Feinst10,1180,916,931,428,389,317,306,315,230,205,196,199,178,182,158,175,177,201,177,197,211,223
Luftemissionsart HFC,0,0,0,0,0,21,24,29,36,45,55,67,79,93,105,117,129,139,147,157,164,170
Luftemissionsart PFC,0,0,0,0,0,0,0,0,0,0,0,0,0,0,0,0,0,0,0,0,0,0
Luftemissionsart SF6,0,0,0,0,0,0,0,0,0,0,0,0,0,0,0,0,0,0,0,0,0,0
Luftemissionsart CO2,9904282,10545095,9915401,10391310,10345549,10095048,10837174,8695929,7712294,7464330,7309287,7604806,6505305,7357842,6511966,6643961,6079283,6153801,6132547,4860316,5259596,5423520
Luftemissionsart CH4,1238,1168,1158,1076,1093,1060,1099,1199,990,981,930,961,798,747,620,883,940,2034,1445,1720,1775,1821
Luftemissionsart N2O,156,163,159,157,157,148,149,129,120,118,114,114,115,129,127,135,140,121,120,99,109,113
Luftemissionsart NOX,40112,39021,37697,37516,38241,36765,36660,34952,32763,31604,29802,28957,26677,24227,22005,20519,19013,15252,14549,11275,10273,9874
Luftemissionsart SO2,5230,4295,3293,2982,2647,2272,2404,1762,1516,1299,1363,1240,847,1261,583,582,586,681,370,406,623,626
Luftemissionsart NMVOC,3197,2944,2772,2432,2318,2295,2223,2080,1900,1799,2725,2846,2672,2478,2326,2202,2126,2080,2007,3109,1906,1878
Luftemissionsart NH3,133,154,142,153,148,151,159,151,144,137,137,133,108,127,106,102,92,107,106,88,98,97
Luftemissionsart Feinst10,2148,2060,1994,1877,1878,7417,7439,7371,7278,7273,7204,7135,7053,6931,6819,6723,6561,6225,6169,6023,6086,6113
Luftemissionsart HFC,0,0,0,0,0,172,180,186,189,165,168,176,126,111,83,79,79,80,80,53,58,57
Luftemissionsart PFC,0,0,0,0,0,0,0,0,0,0,0,0,0,0,0,0,0,0,0,0,0,0
Luftemissionsart SF6,0,0,0,0,0,0,0,0,0,0,0,0,0,0,0,0,0,0,0,0,0,0
Luftemissionsart CO2,236177870,251130481,253441305,246255614,237081823,233274697,250300679,243459090,243557798,236435229,231203287,231763540,205977643,224734447,221411583,235010428,216520061,218241196,227160794,204886874,212555116,220216379
Luftemissionsart CH4,86274,85350,80582,76003,74177,70384,71700,67815,67231,63988,62638,61954,58603,60577,61230,70845,64957,59211,60311,54167,57398,60886
Luftemissionsart N2O,6886,6984,6841,6539,6320,5855,5774,4703,4299,3976,3648,3621,3405,3498,3369,3681,3666,3158,3192,2992,3085,3153
Luftemissionsart NOX,686241,663177,638441,616390,603296,567209,559737,522947,491192,464979,432144,416767,376940,347501,319513,319857,303181,268164,279895,271424,275380,277790
Luftemissionsart SO2,167182,154936,128176,108738,92849,80558,85777,67862,60824,50419,49094,52958,37214,47947,35219,37929,30413,19550,16814,14461,16047,15741
Luftemissionsart NMVOC,999096,955970,917515,873551,813965,751167,696197,619113,574358,545898,357641,366147,344059,317217,313124,358233,318906,297779,304081,282642,284014,289420
Luftemissionsart NH3,20275,23418,26519,28065,28430,32172,31057,30048,29143,27907,25741,24933,23156,22181,20884,19445,18720,17082,16367,15464,14582,14534
Luftemissionsart Feinst10,82389,79957,81220,75680,78678,71267,71709,69813,68743,68077,64925,64885,62303,60445,60343,66939,61169,53895,53954,48935,50089,50716
Luftemissionsart HFC,0,0,0,0,0,1390,1662,1901,2067,2190,2342,2405,2342,2379,2495,2683,2729,2775,2836,2836,2922,2882
Luftemissionsart PFC,0,0,0,0,0,0,0,0,0,0,0,0,0,0,0,0,0,0,0,0,0,0
Luftemissionsart SF6,0,0,0,0,0,463,470,471,468,462,454,443,430,415,399,380,359,337,314,290,266,240
